Codigo,Despesa,UO,orgao_ug_desp,UG,ug_desp,Valor,NaoProc
31900101,PROVENTOS - PESSOAL CIVIL,26269,UNIVERSIDADE FEDERAL DO ESTADO RIO DE JANEIRO,154034,UNIRIO UNIVERSIDADE FEDERAL DO ESTADO RJ,"R$ 4.448.807,64","R$ 0,00"
31900101,PROVENTOS - PESSOAL CIVIL,26269,UNIVERSIDADE FEDERAL DO ESTADO RIO DE JANEIRO,154034,UNIRIO UNIVERSIDADE FEDERAL DO ESTADO RJ,"R$ 1.711.666,47","R$ 0,00"
31900106,13 SALARIO - PESSOAL CIVIL,26269,UNIVERSIDADE FEDERAL DO ESTADO RIO DE JANEIRO,154034,UNIRIO UNIVERSIDADE FEDERAL DO ESTADO RJ,"R$ 24.011,49","R$ 0,00"
31900109,ADICIONAL POR TEMPO DE SERVICO PESSOAL CIVIL,26269,UNIVERSIDADE FEDERAL DO ESTADO RIO DE JANEIRO,154034,UNIRIO UNIVERSIDADE FEDERAL DO ESTADO RJ,"R$ 796.477,26","R$ 0,00"
31900116,APOSENT ORIGINARIA DE SUBSIDIOS - PESSOAL CIV,26269,UNIVERSIDADE FEDERAL DO ESTADO RIO DE JANEIRO,154034,UNIRIO UNIVERSIDADE FEDERAL DO ESTADO RJ,"R$ 97.439,86","R$ 0,00"
31900134,VANTAGENS PERMANENTES SENT.TRANSIT.JULG.CIVIL,26269,UNIVERSIDADE FEDERAL DO ESTADO RIO DE JANEIRO,154034,UNIRIO UNIVERSIDADE FEDERAL DO ESTADO RJ,"R$ 69.230,39","R$ 0,00"
31900187,COMPLEMENTACAO DE APOSENTADORIAS - PES CIVIL,26269,UNIVERSIDADE FEDERAL DO ESTADO RIO DE JANEIRO,154034,UNIRIO UNIVERSIDADE FEDERAL DO ESTADO RJ,"R$ 19.166,75","R$ 0,00"
31900301,PENSOES CIVIS,26269,UNIVERSIDADE FEDERAL DO ESTADO RIO DE JANEIRO,154034,UNIRIO UNIVERSIDADE FEDERAL DO ESTADO RJ,"R$ 1.249.731,69","R$ 0,00"
31900386,COMPLEMENTACAO DE PENSOES - PESSOAL CIVIL,26269,UNIVERSIDADE FEDERAL DO ESTADO RIO DE JANEIRO,154034,UNIRIO UNIVERSIDADE FEDERAL DO ESTADO RJ,"R$ 10.554,43","R$ 0,00"
31900401,SALARIO CONTRATO TEMPORARIO,26269,UNIVERSIDADE FEDERAL DO ESTADO RIO DE JANEIRO,154034,UNIRIO UNIVERSIDADE FEDERAL DO ESTADO RJ,"R$ 370.667,04","R$ 0,00"
31900412,FERIAS VENCIDAS/PROPORCIONAIS - CONTRATO TEMPORARIO,26269,UNIVERSIDADE FEDERAL DO ESTADO RIO DE JANEIRO,154034,UNIRIO UNIVERSIDADE FEDERAL DO ESTADO RJ,"R$ 8.331,92","R$ 0,00"
31900413,13¤ SALARIO - CONTRATO TEMPORARIO,26269,UNIVERSIDADE FEDERAL DO ESTADO RIO DE JANEIRO,154034,UNIRIO UNIVERSIDADE FEDERAL DO ESTADO RJ,"R$ 1.765,76","R$ 0,00"
31900414,FERIAS - ABONO CONSTITUCIONAL - CONTRATO TEMPORARIO,26269,UNIVERSIDADE FEDERAL DO ESTADO RIO DE JANEIRO,154034,UNIRIO UNIVERSIDADE FEDERAL DO ESTADO RJ,"R$ 11.384,45","R$ 0,00"
31900706,CONTRIBUICAO PATRONAL - FUNPRESP LEI 12618/12,26269,UNIVERSIDADE FEDERAL DO ESTADO RIO DE JANEIRO,154034,UNIRIO UNIVERSIDADE FEDERAL DO ESTADO RJ,"R$ 56.440,33","R$ 0,00"
31901101,VENCIMENTOS E SALARIOS,26269,UNIVERSIDADE FEDERAL DO ESTADO RIO DE JANEIRO,154034,UNIRIO UNIVERSIDADE FEDERAL DO ESTADO RJ,"R$ 2.113.740,18","R$ 0,00"
31901104,ADICIONAL NOTURNO,26269,UNIVERSIDADE FEDERAL DO ESTADO RIO DE JANEIRO,154034,UNIRIO UNIVERSIDADE FEDERAL DO ESTADO RJ,"R$ 2.274,24","R$ 0,00"
31901105,INCORPORACOES,26269,UNIVERSIDADE FEDERAL DO ESTADO RIO DE JANEIRO,154034,UNIRIO UNIVERSIDADE FEDERAL DO ESTADO RJ,"R$ 19.307,64","R$ 0,00"
31901106,VANTAGENS PERM.SENT.JUD.TRANS.JULGADO - CIVIL,26269,UNIVERSIDADE FEDERAL DO ESTADO RIO DE JANEIRO,154034,UNIRIO UNIVERSIDADE FEDERAL DO ESTADO RJ,"R$ 15.825,42","R$ 0,00"
31901107,ABONO DE PERMANENCIA,26269,UNIVERSIDADE FEDERAL DO ESTADO RIO DE JANEIRO,154034,UNIRIO UNIVERSIDADE FEDERAL DO ESTADO RJ,"R$ 395.546,71","R$ 0,00"
31901110,ADICIONAL DE INSALUBRIDADE,26269,UNIVERSIDADE FEDERAL DO ESTADO RIO DE JANEIRO,154034,UNIRIO UNIVERSIDADE FEDERAL DO ESTADO RJ,"R$ 406,56","R$ 0,00"
31901131,GRATIFICACAO POR EXERCICIO DE CARGO EFETIVO,26269,UNIVERSIDADE FEDERAL DO ESTADO RIO DE JANEIRO,154034,UNIRIO UNIVERSIDADE FEDERAL DO ESTADO RJ,"R$ 6.477.846,56","R$ 0,00"
31901133,GRAT POR EXERCICIO DE FUNCOES COMISSIONADAS,26269,UNIVERSIDADE FEDERAL DO ESTADO RIO DE JANEIRO,154034,UNIRIO UNIVERSIDADE FEDERAL DO ESTADO RJ,"R$ 117.431,25","R$ 0,00"
31901136,GRATIFICACAO P/EXERCICIO DE CARGO EM COMISSAO,26269,UNIVERSIDADE FEDERAL DO ESTADO RIO DE JANEIRO,154034,UNIRIO UNIVERSIDADE FEDERAL DO ESTADO RJ,"R$ 328.509,77","R$ 0,00"
31901137,GRATIFICACAO DE TEMPO DE SERVICO,26269,UNIVERSIDADE FEDERAL DO ESTADO RIO DE JANEIRO,154034,UNIRIO UNIVERSIDADE FEDERAL DO ESTADO RJ,"R$ 256.149,67","R$ 0,00"
31901142,FERIAS VENCIDAS E PROPORCIONAIS,26269,UNIVERSIDADE FEDERAL DO ESTADO RIO DE JANEIRO,154034,UNIRIO UNIVERSIDADE FEDERAL DO ESTADO RJ,"R$ 15.635,07","R$ 0,00"
31901143,13º SALARIO,26269,UNIVERSIDADE FEDERAL DO ESTADO RIO DE JANEIRO,154034,UNIRIO UNIVERSIDADE FEDERAL DO ESTADO RJ,"R$ 1.646.497,94","R$ 0,00"
31901145,FERIAS - 1/3 CONSTITUCIONAL,26269,UNIVERSIDADE FEDERAL DO ESTADO RIO DE JANEIRO,154034,UNIRIO UNIVERSIDADE FEDERAL DO ESTADO RJ,"R$ 2.901.614,45","R$ 0,00"
31901146,FERIAS - PAGAMENTO ANTECIPADO,26269,UNIVERSIDADE FEDERAL DO ESTADO RIO DE JANEIRO,154034,UNIRIO UNIVERSIDADE FEDERAL DO ESTADO RJ,"R$ 300.663,84","R$ 0,00"
31901632,SUBSTITUICOES,26269,UNIVERSIDADE FEDERAL DO ESTADO RIO DE JANEIRO,154034,UNIRIO UNIVERSIDADE FEDERAL DO ESTADO RJ,"R$ 17.717,15","R$ 0,00"
31901636,ADICIONAL POR PLANTAO HOSPITALAR,26269,UNIVERSIDADE FEDERAL DO ESTADO RIO DE JANEIRO,154034,UNIRIO UNIVERSIDADE FEDERAL DO ESTADO RJ,"R$ 33.707,64","R$ 0,00"
31909114,SENT.JUD.NAO TRANS JULG CARAT CONT AT CIVIL,26269,UNIVERSIDADE FEDERAL DO ESTADO RIO DE JANEIRO,154034,UNIRIO UNIVERSIDADE FEDERAL DO ESTADO RJ,"R$ 147.270,94","R$ 0,00"
31909115,SENT.JUD.NAO TRANS JULG CARAT CONT INAT CIVIL,26269,UNIVERSIDADE FEDERAL DO ESTADO RIO DE JANEIRO,154034,UNIRIO UNIVERSIDADE FEDERAL DO ESTADO RJ,"R$ 134,35","R$ 0,00"
31909116,SENT.JUD.NAO TRANS.JULG CARAT CONT PENS CIVIL,26269,UNIVERSIDADE FEDERAL DO ESTADO RIO DE JANEIRO,154034,UNIRIO UNIVERSIDADE FEDERAL DO ESTADO RJ,"R$ 10.676,30","R$ 0,00"
31909211,VENCIMENTOS E VANTAGENS FIXAS - PESSOAL CIVIL,26269,UNIVERSIDADE FEDERAL DO ESTADO RIO DE JANEIRO,154034,UNIRIO UNIVERSIDADE FEDERAL DO ESTADO RJ,"R$ 10.646,18","R$ 0,00"
31909602,PESSOAL REQUISITADO DE OUTROS ENTES,26269,UNIVERSIDADE FEDERAL DO ESTADO RIO DE JANEIRO,154034,UNIRIO UNIVERSIDADE FEDERAL DO ESTADO RJ,"R$ 7.552,67","R$ 0,00"
33504108,ENTIDADES REPRESENTATIVAS DE CLASSE,26269,UNIVERSIDADE FEDERAL DO ESTADO RIO DE JANEIRO,154034,UNIRIO UNIVERSIDADE FEDERAL DO ESTADO RJ,"R$ 279,09","R$ 0,00"
33504108,ENTIDADES REPRESENTATIVAS DE CLASSE,26269,UNIVERSIDADE FEDERAL DO ESTADO RIO DE JANEIRO,154034,UNIRIO UNIVERSIDADE FEDERAL DO ESTADO RJ,"R$ 2.000,00","R$ 0,00"
33504108,ENTIDADES REPRESENTATIVAS DE CLASSE,26269,UNIVERSIDADE FEDERAL DO ESTADO RIO DE JANEIRO,154034,UNIRIO UNIVERSIDADE FEDERAL DO ESTADO RJ,"R$ 1.500,00","R$ 0,00"
33504108,ENTIDADES REPRESENTATIVAS DE CLASSE,26269,UNIVERSIDADE FEDERAL DO ESTADO RIO DE JANEIRO,154034,UNIRIO UNIVERSIDADE FEDERAL DO ESTADO RJ,"R$ 4.448,00","R$ 0,00"
33504108,ENTIDADES REPRESENTATIVAS DE CLASSE,26269,UNIVERSIDADE FEDERAL DO ESTADO RIO DE JANEIRO,154034,UNIRIO UNIVERSIDADE FEDERAL DO ESTADO RJ,"R$ 893,76","R$ 0,00"
33504108,ENTIDADES REPRESENTATIVAS DE CLASSE,26269,UNIVERSIDADE FEDERAL DO ESTADO RIO DE JANEIRO,154034,UNIRIO UNIVERSIDADE FEDERAL DO ESTADO RJ,"R$ 0,00","R$ 5.460,00"
33504108,ENTIDADES REPRESENTATIVAS DE CLASSE,26269,UNIVERSIDADE FEDERAL DO ESTADO RIO DE JANEIRO,154034,UNIRIO UNIVERSIDADE FEDERAL DO ESTADO RJ,"R$ 0,00","R$ 245,00"
33504108,ENTIDADES REPRESENTATIVAS DE CLASSE,26269,UNIVERSIDADE FEDERAL DO ESTADO RIO DE JANEIRO,154034,UNIRIO UNIVERSIDADE FEDERAL DO ESTADO RJ,"R$ 103,97","R$ 0,00"
33900421,AUXILIO-ALIMENTACAO,26269,UNIVERSIDADE FEDERAL DO ESTADO RIO DE JANEIRO,154034,UNIRIO UNIVERSIDADE FEDERAL DO ESTADO RJ,"R$ 18.444,90","R$ 0,00"
33900422,AUXILIO-CRECHE,26269,UNIVERSIDADE FEDERAL DO ESTADO RIO DE JANEIRO,154034,UNIRIO UNIVERSIDADE FEDERAL DO ESTADO RJ,"R$ 288,90","R$ 0,00"
33900423,AUXILIO-TRANSPORTE,26269,UNIVERSIDADE FEDERAL DO ESTADO RIO DE JANEIRO,154034,UNIRIO UNIVERSIDADE FEDERAL DO ESTADO RJ,"R$ 2.433,31","R$ 0,00"
33900805,AUXILIO NATALIDADE ATIVO CIVIL,26269,UNIVERSIDADE FEDERAL DO ESTADO RIO DE JANEIRO,154034,UNIRIO UNIVERSIDADE FEDERAL DO ESTADO RJ,"R$ 1.977,75","R$ 0,00"
33900809,AUXILIO-CRECHE CIVIL,26269,UNIVERSIDADE FEDERAL DO ESTADO RIO DE JANEIRO,154034,UNIRIO UNIVERSIDADE FEDERAL DO ESTADO RJ,"R$ 51.376,05","R$ 0,00"
33902001,AUXILIO A PESQUISADORES,26269,UNIVERSIDADE FEDERAL DO ESTADO RIO DE JANEIRO,154034,UNIRIO UNIVERSIDADE FEDERAL DO ESTADO RJ,"R$ 80.400,00","R$ 0,00"
33903001,COMBUSTIVEIS E LUBRIFICANTES AUTOMOTIVOS,26269,UNIVERSIDADE FEDERAL DO ESTADO RIO DE JANEIRO,154034,UNIRIO UNIVERSIDADE FEDERAL DO ESTADO RJ,"R$ 16.331,33","R$ 0,00"
33903004,GAS E OUTROS MATERIAIS ENGARRAFADOS,26269,UNIVERSIDADE FEDERAL DO ESTADO RIO DE JANEIRO,154034,UNIRIO UNIVERSIDADE FEDERAL DO ESTADO RJ,"R$ 1.394,50","R$ 0,00"
33903007,GENEROS DE ALIMENTACAO,26269,UNIVERSIDADE FEDERAL DO ESTADO RIO DE JANEIRO,154034,UNIRIO UNIVERSIDADE FEDERAL DO ESTADO RJ,"R$ 7.692,23","R$ 0,00"
33903011,MATERIAL QUIMICO,26269,UNIVERSIDADE FEDERAL DO ESTADO RIO DE JANEIRO,154034,UNIRIO UNIVERSIDADE FEDERAL DO ESTADO RJ,"R$ 44.110,99","R$ 2.997,52"
33903016,MATERIAL DE EXPEDIENTE,26269,UNIVERSIDADE FEDERAL DO ESTADO RIO DE JANEIRO,154034,UNIRIO UNIVERSIDADE FEDERAL DO ESTADO RJ,"R$ 12.356,00","R$ 0,00"
33903019,MATERIAL DE ACONDICIONAMENTO E EMBALAGEM,26269,UNIVERSIDADE FEDERAL DO ESTADO RIO DE JANEIRO,154034,UNIRIO UNIVERSIDADE FEDERAL DO ESTADO RJ,"R$ 5.338,82","R$ 2.736,50"
33903022,MATERIAL DE LIMPEZA E PROD. DE HIGIENIZACAO,26269,UNIVERSIDADE FEDERAL DO ESTADO RIO DE JANEIRO,154034,UNIRIO UNIVERSIDADE FEDERAL DO ESTADO RJ,"R$ 137,00","R$ 150,40"
33903022,MATERIAL DE LIMPEZA E PROD. DE HIGIENIZACAO,26269,UNIVERSIDADE FEDERAL DO ESTADO RIO DE JANEIRO,154034,UNIRIO UNIVERSIDADE FEDERAL DO ESTADO RJ,"R$ 454,00","R$ 0,00"
33903024,MATERIAL P/ MANUT.DE BENS IMOVEIS/INSTALACOES,26269,UNIVERSIDADE FEDERAL DO ESTADO RIO DE JANEIRO,154034,UNIRIO UNIVERSIDADE FEDERAL DO ESTADO RJ,"R$ 2.175,00","R$ 2.790,00"
33903024,MATERIAL P/ MANUT.DE BENS IMOVEIS/INSTALACOES,26269,UNIVERSIDADE FEDERAL DO ESTADO RIO DE JANEIRO,154034,UNIRIO UNIVERSIDADE FEDERAL DO ESTADO RJ,"R$ 5.121,68","R$ 111,40"
33903026,MATERIAL ELETRICO E ELETRONICO,26269,UNIVERSIDADE FEDERAL DO ESTADO RIO DE JANEIRO,154034,UNIRIO UNIVERSIDADE FEDERAL DO ESTADO RJ,"R$ 3.129,95","R$ 909,80"
33903028,MATERIAL DE PROTECAO E SEGURANCA,26269,UNIVERSIDADE FEDERAL DO ESTADO RIO DE JANEIRO,154034,UNIRIO UNIVERSIDADE FEDERAL DO ESTADO RJ,"R$ 0,00","R$ 325,95"
33903028,MATERIAL DE PROTECAO E SEGURANCA,26269,UNIVERSIDADE FEDERAL DO ESTADO RIO DE JANEIRO,154034,UNIRIO UNIVERSIDADE FEDERAL DO ESTADO RJ,"R$ 1.241,23","R$ 292,50"
33903035,MATERIAL LABORATORIAL,26269,UNIVERSIDADE FEDERAL DO ESTADO RIO DE JANEIRO,154034,UNIRIO UNIVERSIDADE FEDERAL DO ESTADO RJ,"R$ 7.027,85","R$ 180,26"
33903044,MATERIAL DE SINALIZACAO VISUAL E OUTROS,26269,UNIVERSIDADE FEDERAL DO ESTADO RIO DE JANEIRO,154034,UNIRIO UNIVERSIDADE FEDERAL DO ESTADO RJ,"R$ 300,00","R$ 0,00"
33903301,PASSAGENS PARA O PAIS,26269,UNIVERSIDADE FEDERAL DO ESTADO RIO DE JANEIRO,154034,UNIRIO UNIVERSIDADE FEDERAL DO ESTADO RJ,"R$ 29.356,11","R$ 46.344,98"
33903302,PASSAGENS PARA O EXTERIOR,26269,UNIVERSIDADE FEDERAL DO ESTADO RIO DE JANEIRO,154034,UNIRIO UNIVERSIDADE FEDERAL DO ESTADO RJ,"R$ 2.248,48","R$ 7.470,25"
33903501,ASSESSORIA E CONSULTORIA TECNICA OU JURIDICA,26269,UNIVERSIDADE FEDERAL DO ESTADO RIO DE JANEIRO,154034,UNIRIO UNIVERSIDADE FEDERAL DO ESTADO RJ,"R$ 8.675,00","R$ 8.675,00"
33903628,GRATIFICACAO POR ENCARGO DE CURSO E CONCURSO - GECC,26236,UNIVERSIDADE FEDERAL FLUMINENSE,153056,UNIVERSIDADE FEDERAL FLUMINENSE,"R$ 2.945,34","R$ 6.791,55"
33903628,GRATIFICACAO POR ENCARGO DE CURSO E CONCURSO - GECC,26269,UNIVERSIDADE FEDERAL DO ESTADO RIO DE JANEIRO,154034,UNIRIO UNIVERSIDADE FEDERAL DO ESTADO RJ,"R$ 75.849,25","R$ 375,99"
33903628,GRATIFICACAO POR ENCARGO DE CURSO E CONCURSO - GECC,26269,UNIVERSIDADE FEDERAL DO ESTADO RIO DE JANEIRO,154035,HOSPITAL UNIV. GAFFREE E GUINLE DA UNIRIO,"R$ 5.532,58","R$ 0,00"
33903628,GRATIFICACAO POR ENCARGO DE CURSO E CONCURSO - GECC,26269,UNIVERSIDADE FEDERAL DO ESTADO RIO DE JANEIRO,154034,UNIRIO UNIVERSIDADE FEDERAL DO ESTADO RJ,"R$ 29.717,10","R$ 0,00"
33903701,"APOIO ADMINISTRATIVO, TECNICO E OPERACIONAL",26269,UNIVERSIDADE FEDERAL DO ESTADO RIO DE JANEIRO,154034,UNIRIO UNIVERSIDADE FEDERAL DO ESTADO RJ,"R$ 175.000,00","R$ 0,00"
33903701,"APOIO ADMINISTRATIVO, TECNICO E OPERACIONAL",26269,UNIVERSIDADE FEDERAL DO ESTADO RIO DE JANEIRO,154034,UNIRIO UNIVERSIDADE FEDERAL DO ESTADO RJ,"R$ 0,00","R$ 149,90"
33903702,LIMPEZA E CONSERVACAO,26269,UNIVERSIDADE FEDERAL DO ESTADO RIO DE JANEIRO,154034,UNIRIO UNIVERSIDADE FEDERAL DO ESTADO RJ,"R$ 123.826,58","R$ 0,00"
33903702,LIMPEZA E CONSERVACAO,26269,UNIVERSIDADE FEDERAL DO ESTADO RIO DE JANEIRO,154034,UNIRIO UNIVERSIDADE FEDERAL DO ESTADO RJ,"R$ 0,00","R$ 55.991,81"
33903702,LIMPEZA E CONSERVACAO,26269,UNIVERSIDADE FEDERAL DO ESTADO RIO DE JANEIRO,154034,UNIRIO UNIVERSIDADE FEDERAL DO ESTADO RJ,"R$ 175.000,00","R$ 0,00"
33903702,LIMPEZA E CONSERVACAO,26269,UNIVERSIDADE FEDERAL DO ESTADO RIO DE JANEIRO,154034,UNIRIO UNIVERSIDADE FEDERAL DO ESTADO RJ,"R$ 28.256,57","R$ 0,00"
33903702,LIMPEZA E CONSERVACAO,26269,UNIVERSIDADE FEDERAL DO ESTADO RIO DE JANEIRO,154034,UNIRIO UNIVERSIDADE FEDERAL DO ESTADO RJ,"R$ 0,00","R$ 204.112,14"
33903703,VIGILANCIA OSTENSIVA,26269,UNIVERSIDADE FEDERAL DO ESTADO RIO DE JANEIRO,154034,UNIRIO UNIVERSIDADE FEDERAL DO ESTADO RJ,"R$ 15.570,40","R$ 0,00"
33903901,ASSINATURAS DE PERIODICOS E ANUIDADES,26269,UNIVERSIDADE FEDERAL DO ESTADO RIO DE JANEIRO,154034,UNIRIO UNIVERSIDADE FEDERAL DO ESTADO RJ,"R$ 32.217,04","R$ 64,62"
33903902,CONDOMINIOS,26269,UNIVERSIDADE FEDERAL DO ESTADO RIO DE JANEIRO,154034,UNIRIO UNIVERSIDADE FEDERAL DO ESTADO RJ,"R$ 38.216,16","R$ 434,82"
33903903,COMISSOES E CORRETAGENS,26269,UNIVERSIDADE FEDERAL DO ESTADO RIO DE JANEIRO,154034,UNIRIO UNIVERSIDADE FEDERAL DO ESTADO RJ,"R$ 0,00","R$ 1,04"
33903912,LOCACAO DE MAQUINAS E EQUIPAMENTOS,26269,UNIVERSIDADE FEDERAL DO ESTADO RIO DE JANEIRO,154034,UNIRIO UNIVERSIDADE FEDERAL DO ESTADO RJ,"R$ 18.175,00","R$ 0,00"
33903914,LOCACAO BENS MOV. OUT.NATUREZAS E INTANGIVEIS,26269,UNIVERSIDADE FEDERAL DO ESTADO RIO DE JANEIRO,154034,UNIRIO UNIVERSIDADE FEDERAL DO ESTADO RJ,"R$ 0,00","R$ 1.120,00"
33903914,LOCACAO BENS MOV. OUT.NATUREZAS E INTANGIVEIS,26269,UNIVERSIDADE FEDERAL DO ESTADO RIO DE JANEIRO,154034,UNIRIO UNIVERSIDADE FEDERAL DO ESTADO RJ,"R$ 5.400,00","R$ 0,00"
33903916,MANUTENCAO E CONSERV. DE BENS IMOVEIS,26269,UNIVERSIDADE FEDERAL DO ESTADO RIO DE JANEIRO,154034,UNIRIO UNIVERSIDADE FEDERAL DO ESTADO RJ,"R$ 100.000,00","R$ 0,00"
33903916,MANUTENCAO E CONSERV. DE BENS IMOVEIS,26269,UNIVERSIDADE FEDERAL DO ESTADO RIO DE JANEIRO,154034,UNIRIO UNIVERSIDADE FEDERAL DO ESTADO RJ,"R$ 391.392,78","R$ 0,00"
33903916,MANUTENCAO E CONSERV. DE BENS IMOVEIS,26269,UNIVERSIDADE FEDERAL DO ESTADO RIO DE JANEIRO,154034,UNIRIO UNIVERSIDADE FEDERAL DO ESTADO RJ,"R$ 192.864,52","R$ 0,00"
33903916,MANUTENCAO E CONSERV. DE BENS IMOVEIS,26269,UNIVERSIDADE FEDERAL DO ESTADO RIO DE JANEIRO,154034,UNIRIO UNIVERSIDADE FEDERAL DO ESTADO RJ,"R$ 14.603,18","R$ 0,00"
33903917,MANUT. E CONSERV. DE MAQUINAS E EQUIPAMENTOS,26269,UNIVERSIDADE FEDERAL DO ESTADO RIO DE JANEIRO,154034,UNIRIO UNIVERSIDADE FEDERAL DO ESTADO RJ,"R$ 565,67","R$ 0,00"
33903919,MANUTENCAO E CONSERV. DE VEICULOS,26269,UNIVERSIDADE FEDERAL DO ESTADO RIO DE JANEIRO,154034,UNIRIO UNIVERSIDADE FEDERAL DO ESTADO RJ,"R$ 0,00","R$ 17.522,47"
33903919,MANUTENCAO E CONSERV. DE VEICULOS,26269,UNIVERSIDADE FEDERAL DO ESTADO RIO DE JANEIRO,154034,UNIRIO UNIVERSIDADE FEDERAL DO ESTADO RJ,"R$ 0,00","R$ 54.688,06"
33903941,FORNECIMENTO DE ALIMENTACAO,26269,UNIVERSIDADE FEDERAL DO ESTADO RIO DE JANEIRO,154034,UNIRIO UNIVERSIDADE FEDERAL DO ESTADO RJ,"R$ 74.923,20","R$ 0,00"
33903943,SERVICOS DE ENERGIA ELETRICA,26269,UNIVERSIDADE FEDERAL DO ESTADO RIO DE JANEIRO,154034,UNIRIO UNIVERSIDADE FEDERAL DO ESTADO RJ,"R$ 614.904,19","R$ 64.584,79"
33903943,SERVICOS DE ENERGIA ELETRICA,26269,UNIVERSIDADE FEDERAL DO ESTADO RIO DE JANEIRO,154034,UNIRIO UNIVERSIDADE FEDERAL DO ESTADO RJ,"R$ 0,00","R$ 20.000,00"
33903943,SERVICOS DE ENERGIA ELETRICA,26269,UNIVERSIDADE FEDERAL DO ESTADO RIO DE JANEIRO,154034,UNIRIO UNIVERSIDADE FEDERAL DO ESTADO RJ,"R$ 58,30","R$ 0,00"
33903943,SERVICOS DE ENERGIA ELETRICA,26269,UNIVERSIDADE FEDERAL DO ESTADO RIO DE JANEIRO,154034,UNIRIO UNIVERSIDADE FEDERAL DO ESTADO RJ,"R$ 0,01","R$ 0,00"
33903944,SERVICOS DE AGUA E ESGOTO,26269,UNIVERSIDADE FEDERAL DO ESTADO RIO DE JANEIRO,154034,UNIRIO UNIVERSIDADE FEDERAL DO ESTADO RJ,"R$ 67.653,42","R$ 0,00"
33903944,SERVICOS DE AGUA E ESGOTO,26269,UNIVERSIDADE FEDERAL DO ESTADO RIO DE JANEIRO,154034,UNIRIO UNIVERSIDADE FEDERAL DO ESTADO RJ,"R$ 109.511,26","R$ 0,00"
33903945,SERVICOS DE GAS,26269,UNIVERSIDADE FEDERAL DO ESTADO RIO DE JANEIRO,154034,UNIRIO UNIVERSIDADE FEDERAL DO ESTADO RJ,"R$ 7.979,34","R$ 0,00"
33903947,SERVICOS DE COMUNICACAO EM GERAL,26269,UNIVERSIDADE FEDERAL DO ESTADO RIO DE JANEIRO,154034,UNIRIO UNIVERSIDADE FEDERAL DO ESTADO RJ,"R$ 22.642,82","R$ 0,00"
33903948,SERVICO DE SELECAO E TREINAMENTO,26269,UNIVERSIDADE FEDERAL DO ESTADO RIO DE JANEIRO,154034,UNIRIO UNIVERSIDADE FEDERAL DO ESTADO RJ,"R$ 2.400,00","R$ 0,00"
33903948,SERVICO DE SELECAO E TREINAMENTO,26269,UNIVERSIDADE FEDERAL DO ESTADO RIO DE JANEIRO,154034,UNIRIO UNIVERSIDADE FEDERAL DO ESTADO RJ,"R$ 12.005,00","R$ 3.580,00"
33903951,SERVICOS DE ANALISES E PESQUISAS CIENTIFICAS,26269,UNIVERSIDADE FEDERAL DO ESTADO RIO DE JANEIRO,154034,UNIRIO UNIVERSIDADE FEDERAL DO ESTADO RJ,"R$ 0,00","R$ 14.800,00"
33903958,SERVICOS DE TELECOMUNICACOES,26269,UNIVERSIDADE FEDERAL DO ESTADO RIO DE JANEIRO,154034,UNIRIO UNIVERSIDADE FEDERAL DO ESTADO RJ,"R$ 120.873,06","R$ 0,00"
33903958,SERVICOS DE TELECOMUNICACOES,26269,UNIVERSIDADE FEDERAL DO ESTADO RIO DE JANEIRO,154034,UNIRIO UNIVERSIDADE FEDERAL DO ESTADO RJ,"R$ 0,91","R$ 0,00"
33903958,SERVICOS DE TELECOMUNICACOES,26269,UNIVERSIDADE FEDERAL DO ESTADO RIO DE JANEIRO,154034,UNIRIO UNIVERSIDADE FEDERAL DO ESTADO RJ,"R$ 18.134,00","R$ 0,00"
33903958,SERVICOS DE TELECOMUNICACOES,26269,UNIVERSIDADE FEDERAL DO ESTADO RIO DE JANEIRO,154034,UNIRIO UNIVERSIDADE FEDERAL DO ESTADO RJ,"R$ 12.708,80","R$ 0,00"
33903963,SERVICOS GRAFICOS E EDITORIAIS,26269,UNIVERSIDADE FEDERAL DO ESTADO RIO DE JANEIRO,154034,UNIRIO UNIVERSIDADE FEDERAL DO ESTADO RJ,"R$ 41.194,72","R$ 6.964,00"
33903963,SERVICOS GRAFICOS E EDITORIAIS,26269,UNIVERSIDADE FEDERAL DO ESTADO RIO DE JANEIRO,154034,UNIRIO UNIVERSIDADE FEDERAL DO ESTADO RJ,"R$ 113.500,28","R$ 0,00"
33903965,SERVICOS DE APOIO AO ENSINO,26269,UNIVERSIDADE FEDERAL DO ESTADO RIO DE JANEIRO,154034,UNIRIO UNIVERSIDADE FEDERAL DO ESTADO RJ,"R$ 9.831.090,00","R$ 0,00"
33903965,SERVICOS DE APOIO AO ENSINO,26269,UNIVERSIDADE FEDERAL DO ESTADO RIO DE JANEIRO,154034,UNIRIO UNIVERSIDADE FEDERAL DO ESTADO RJ,"R$ 15.975.387,00","R$ 0,00"
33903969,SEGUROS EM GERAL,26269,UNIVERSIDADE FEDERAL DO ESTADO RIO DE JANEIRO,154034,UNIRIO UNIVERSIDADE FEDERAL DO ESTADO RJ,"R$ 668,00","R$ 5.649,94"
33903969,SEGUROS EM GERAL,26269,UNIVERSIDADE FEDERAL DO ESTADO RIO DE JANEIRO,154034,UNIRIO UNIVERSIDADE FEDERAL DO ESTADO RJ,"R$ 1.410,80","R$ 0,00"
33903974,FRETES E TRANSPORTES DE ENCOMENDAS,26269,UNIVERSIDADE FEDERAL DO ESTADO RIO DE JANEIRO,154034,UNIRIO UNIVERSIDADE FEDERAL DO ESTADO RJ,"R$ 7.600,00","R$ 0,00"
33903975,"SERVICO DE INCINERACAO,DESTRUICAO E DEMOLICAO",26269,UNIVERSIDADE FEDERAL DO ESTADO RIO DE JANEIRO,154034,UNIRIO UNIVERSIDADE FEDERAL DO ESTADO RJ,"R$ 328,87","R$ 11.251,13"
33903978,LIMPEZA E CONSERVACAO,26269,UNIVERSIDADE FEDERAL DO ESTADO RIO DE JANEIRO,154034,UNIRIO UNIVERSIDADE FEDERAL DO ESTADO RJ,"R$ 18.885,89","R$ 0,00"
33904007,MANUTENCAO CORRETIVA/ADAPTATIVA E SUSTENTACAO SOFTWARES,26269,UNIVERSIDADE FEDERAL DO ESTADO RIO DE JANEIRO,154034,UNIRIO UNIVERSIDADE FEDERAL DO ESTADO RJ,"R$ 59.000,00","R$ 0,00"
33904011,SUPORTE DE INFRAESTRUTURA DE TIC,26269,UNIVERSIDADE FEDERAL DO ESTADO RIO DE JANEIRO,154034,UNIRIO UNIVERSIDADE FEDERAL DO ESTADO RJ,"R$ 10.548,84","R$ 0,00"
33904011,SUPORTE DE INFRAESTRUTURA DE TIC,26269,UNIVERSIDADE FEDERAL DO ESTADO RIO DE JANEIRO,154034,UNIRIO UNIVERSIDADE FEDERAL DO ESTADO RJ,"R$ 27.697,25","R$ 0,00"
33904016,OUTSOURCING DE IMPRESSAO,26269,UNIVERSIDADE FEDERAL DO ESTADO RIO DE JANEIRO,154034,UNIRIO UNIVERSIDADE FEDERAL DO ESTADO RJ,"R$ 43.752,46","R$ 0,00"
33904023,EMISSAO DE CERTIFICADOS DIGITAIS,26269,UNIVERSIDADE FEDERAL DO ESTADO RIO DE JANEIRO,154034,UNIRIO UNIVERSIDADE FEDERAL DO ESTADO RJ,"R$ 335,00","R$ 960,17"
33904601,AUXILIO-ALIMENTACAO CIVIS,26269,UNIVERSIDADE FEDERAL DO ESTADO RIO DE JANEIRO,154034,UNIRIO UNIVERSIDADE FEDERAL DO ESTADO RJ,"R$ 645.104,14","R$ 0,00"
33904722,CONTRIBUICAO P/ CUSTEIO DE ILUMINACAO PUBLICA,26269,UNIVERSIDADE FEDERAL DO ESTADO RIO DE JANEIRO,154034,UNIRIO UNIVERSIDADE FEDERAL DO ESTADO RJ,"R$ 15.407,06","R$ 0,00"
33904901,AUXILIO-TRANSPORTE CIVIS,26269,UNIVERSIDADE FEDERAL DO ESTADO RIO DE JANEIRO,154034,UNIRIO UNIVERSIDADE FEDERAL DO ESTADO RJ,"R$ 237.728,07","R$ 0,00"
33905901,PENS.INDENIZ.ORIUND.DEB.PERIOD.VINC.SENT.JUD,26269,UNIVERSIDADE FEDERAL DO ESTADO RIO DE JANEIRO,154034,UNIRIO UNIVERSIDADE FEDERAL DO ESTADO RJ,"R$ 998,00","R$ 0,00"
33909239,OUTROS SERVICOS DE TERCEIROS - PJ,26269,UNIVERSIDADE FEDERAL DO ESTADO RIO DE JANEIRO,154034,UNIRIO UNIVERSIDADE FEDERAL DO ESTADO RJ,"R$ 0,00","R$ 339,25"
33909308,RESSARCIMENTO ASSISTENCIA MEDICA/ODONTOLOGICA,26269,UNIVERSIDADE FEDERAL DO ESTADO RIO DE JANEIRO,154034,UNIRIO UNIVERSIDADE FEDERAL DO ESTADO RJ,"R$ 130.242,70","R$ 0,00"
33909311,RESSARCIMENTO DE MENSALIDADES,26269,UNIVERSIDADE FEDERAL DO ESTADO RIO DE JANEIRO,154034,UNIRIO UNIVERSIDADE FEDERAL DO ESTADO RJ,"R$ 42.089,59","R$ 0,00"
33909311,RESSARCIMENTO DE MENSALIDADES,26269,UNIVERSIDADE FEDERAL DO ESTADO RIO DE JANEIRO,154035,HOSPITAL UNIV. GAFFREE E GUINLE DA UNIRIO,"R$ 25.228,60","R$ 0,00"
33914710,TAXAS,26269,UNIVERSIDADE FEDERAL DO ESTADO RIO DE JANEIRO,154034,UNIRIO UNIVERSIDADE FEDERAL DO ESTADO RJ,"R$ 2.533,45","R$ 0,00"
33914718,CONTRIB.PREVIDENCIARIAS-SERVICOS DE TERCEIROS,26269,UNIVERSIDADE FEDERAL DO ESTADO RIO DE JANEIRO,154034,UNIRIO UNIVERSIDADE FEDERAL DO ESTADO RJ,"R$ 0,00","R$ 2.690,32"
44905191,OBRAS EM ANDAMENTO,26269,UNIVERSIDADE FEDERAL DO ESTADO RIO DE JANEIRO,154034,UNIRIO UNIVERSIDADE FEDERAL DO ESTADO RJ,"R$ 0,00","R$ 536.731,99"
44905191,OBRAS EM ANDAMENTO,26269,UNIVERSIDADE FEDERAL DO ESTADO RIO DE JANEIRO,154034,UNIRIO UNIVERSIDADE FEDERAL DO ESTADO RJ,"R$ 0,00","R$ 100.000,00"
44905191,OBRAS EM ANDAMENTO,26269,UNIVERSIDADE FEDERAL DO ESTADO RIO DE JANEIRO,154034,UNIRIO UNIVERSIDADE FEDERAL DO ESTADO RJ,"R$ 0,00","R$ 13.685,74"
44905191,OBRAS EM ANDAMENTO,26269,UNIVERSIDADE FEDERAL DO ESTADO RIO DE JANEIRO,154034,UNIRIO UNIVERSIDADE FEDERAL DO ESTADO RJ,"R$ 0,00","R$ 3.567,00"
44905191,OBRAS EM ANDAMENTO,26269,UNIVERSIDADE FEDERAL DO ESTADO RIO DE JANEIRO,154034,UNIRIO UNIVERSIDADE FEDERAL DO ESTADO RJ,"R$ 0,00","R$ 400.000,00"
44905192,INSTALACOES,26269,UNIVERSIDADE FEDERAL DO ESTADO RIO DE JANEIRO,154034,UNIRIO UNIVERSIDADE FEDERAL DO ESTADO RJ,"R$ 15.625,00","R$ 0,00"
44905208,"APAR.EQUIP.UTENS.MED.,ODONT,LABOR.HOSPIT.",26269,UNIVERSIDADE FEDERAL DO ESTADO RIO DE JANEIRO,154034,UNIRIO UNIVERSIDADE FEDERAL DO ESTADO RJ,"R$ 26.520,42","R$ 30.168,00"
44905233,"EQUIPAMENTOS PARA AUDIO, VIDEO E FOTO",26269,UNIVERSIDADE FEDERAL DO ESTADO RIO DE JANEIRO,154034,UNIRIO UNIVERSIDADE FEDERAL DO ESTADO RJ,"R$ 7.077,00","R$ 0,00"
44905234,"MAQUINAS, UTENSILIOS E EQUIPAMENTOS  DIVERSOS",26269,UNIVERSIDADE FEDERAL DO ESTADO RIO DE JANEIRO,154034,UNIRIO UNIVERSIDADE FEDERAL DO ESTADO RJ,"R$ 92.250,00","R$ 0,00"
44905235,MATERIAL DE TIC (PERMANENTE),26269,UNIVERSIDADE FEDERAL DO ESTADO RIO DE JANEIRO,154034,UNIRIO UNIVERSIDADE FEDERAL DO ESTADO RJ,"R$ 0,00","R$ 0,02"
44905235,MATERIAL DE TIC (PERMANENTE),26269,UNIVERSIDADE FEDERAL DO ESTADO RIO DE JANEIRO,154034,UNIRIO UNIVERSIDADE FEDERAL DO ESTADO RJ,"R$ 358.172,00","R$ 0,00"
44905237,EQUIPAMENTOS DE TIC - ATIVOS DE REDE,26269,UNIVERSIDADE FEDERAL DO ESTADO RIO DE JANEIRO,154034,UNIRIO UNIVERSIDADE FEDERAL DO ESTADO RJ,"R$ 464.480,00","R$ 0,00"
44905239,EQUIP. E UTENSILIOS HIDRAULICOS E ELETRICOS,26269,UNIVERSIDADE FEDERAL DO ESTADO RIO DE JANEIRO,154034,UNIRIO UNIVERSIDADE FEDERAL DO ESTADO RJ,"R$ 37.290,40","R$ 0,00"
44905242,MOBILIARIO EM GERAL,26269,UNIVERSIDADE FEDERAL DO ESTADO RIO DE JANEIRO,154034,UNIRIO UNIVERSIDADE FEDERAL DO ESTADO RJ,"R$ 700.000,00","R$ 0,00"
44905242,MOBILIARIO EM GERAL,26269,UNIVERSIDADE FEDERAL DO ESTADO RIO DE JANEIRO,154034,UNIRIO UNIVERSIDADE FEDERAL DO ESTADO RJ,"R$ 4.905,60","R$ 0,00"
44905243,EQUIPAMENTOS DE TIC - SERVIDORES/STORAGE,26269,UNIVERSIDADE FEDERAL DO ESTADO RIO DE JANEIRO,154034,UNIRIO UNIVERSIDADE FEDERAL DO ESTADO RJ,"R$ 869.900,00","R$ 0,00"